ticker,name,industry,data_date,total_score,rating,final_decision,quality_score,moat_score,growth_score,balance_sheet_score,valuation_score,management_score,risk_penalty,brand_score,switching_cost_score,network_effect_score,scale_advantage_score,pricing_power_score,moat_durability_score,calculated_moat_score,trend_score,industry_rank,industry_size,industry_avg_score,score_vs_industry,data_mode,financial_data_years,auto_calculated_metrics,fin_source,fin_updated_at,fin_data_warning,data_source,confidence_score,circle_of_competence,warning_note,debt_reason,moat_reason,management_reason,risk_reason
V,维萨,金融科技,2025-03-31,81.5,★★  加入观察池,加入观察池,30.0,18.0,15.0,12.0,7.0,4.5,-5,8.0,9.0,10.0,9.0,9.0,9.0,9.0,9.2,1,2,73.5,8.0,annual_financials,2021-2025,是,yfinance,2026-05-31,4年均使用近似ROIC,年报,9,inside,[财务数据] 4年均使用近似ROIC,,全球支付网络效应+发卡行切换成本极高,历任CEO专注核心业务分红稳定增长,监管风险（数字货币冲击），增长可能趋缓
MSFT,微软,科技,2025-03-31,81.17,★★  加入观察池,加入观察池,30.0,16.67,15.0,15.0,5.0,4.5,-5,8.0,10.0,7.0,8.0,8.0,9.0,8.33,4.2,1,3,74.6,6.6,annual_financials,2021-2025,是,yfinance,2026-05-31,4年均使用近似ROIC,年报,9,inside,财务趋势恶化，需要谨慎（ROE、ROIC趋势下滑） | [财务数据] 4年均使用近似ROIC,,软件生态转换成本极高+Azure云垄断地位,萨提亚纳德拉资本配置卓越以股东为中心,估值历史偏高，AI投入巨大短期压制利润
GOOGL,Alphabet,科技/广告,2026-05-31,79.0,★★  加入观察池,加入观察池,29.0,17.0,15.0,10.0,4.0,4.0,0,9.0,7.0,9.0,10.0,8.0,8.0,8.5,10.0,1,1,79.0,0.0,annual_financials,2022-2025,是,yfinance,2026-05-31,年度数据仅 4 年（建议 5 年）; 4年均使用近似ROIC,manual_pending,7,edge,[财务数据] 年度数据仅 4 年（建议 5 年）; 4年均使用近似ROIC,,搜索入口、广告生态、YouTube、Android 与数据规模形成强护城河，但 AI 搜索可能削弱传统搜索壁垒。,长期技术投入强，现金流充足，资本配置总体稳健，但需要继续观察 AI 时代的执行力。,反垄断监管、AI 对搜索商业模式的冲击、广告周期波动。
META,Meta,科技/媒体,2025-03-31,77.83,★★  加入观察池,加入观察池,28.0,14.33,15.0,10.0,12.0,3.5,-5,6.0,5.0,10.0,9.0,7.0,6.0,7.17,10.0,1,1,77.8,0.0,annual_financials,2022-2025,是,yfinance,2026-05-31,年度数据仅 4 年（建议 5 年）; 4年均使用近似ROIC,年报,8,inside,[财务数据] 年度数据仅 4 年（建议 5 年）; 4年均使用近似ROIC,,社交网络效应+广告算法领先,扎克伯格技术执行力强但元宇宙投入争议大,政府反垄断调查广告监管趋严
JNJ,强生,医疗健康,2025-03-31,77.0,★★  加入观察池,加入观察池,29.0,13.0,7.0,12.0,12.0,4.0,0,8.0,6.0,2.0,8.0,7.0,8.0,6.5,9.2,1,1,77.0,0.0,annual_financials,2021-2025,是,yfinance,2026-05-31,4年均使用近似ROIC,年报,8,edge,[财务数据] 4年均使用近似ROIC,,医疗器械+制药双业务壁垒专利保护强,百年老店分红60年连续增长保守稳健,talc诉讼赔付风险，专利悬崖压力
NVDA,英伟达,科技,2025-03-31,75.83,★★  加入观察池,加入观察池,30.0,16.33,15.0,15.0,0.0,4.5,-5,8.0,9.0,7.0,9.0,9.0,7.0,8.17,10.0,2,3,74.6,1.2,annual_financials,2022-2026,是,yfinance,2026-05-31,4年均使用近似ROIC,年报,8,edge,[财务数据] 4年均使用近似ROIC,,GPU生态CUDA软件壁垒极深,黄仁勋战略眼光卓越产品路线图清晰,AI需求能否持续，估值历史极高分位
ADBE,Adobe,软件,2026-05-31,71.33,★★  加入观察池,加入观察池,29.0,15.33,15.0,7.0,6.0,4.0,-5,8.0,9.0,5.0,8.0,8.0,8.0,7.67,10.0,1,2,65.2,6.1,annual_financials,2022-2025,是,yfinance,2026-05-31,年度数据仅 4 年（建议 5 年）; 4年均使用近似ROIC,manual_pending,7,edge,[财务数据] 年度数据仅 4 年（建议 5 年）; 4年均使用近似ROIC,,创意软件生态强，专业用户转换成本高，订阅制收入稳定。,从买断制转订阅制执行成功，长期盈利质量较高，但 AI 时代需继续观察战略执行。,AI 工具和新兴创意软件竞争加剧，估值偏高时安全边际不足。
KO,可口可乐,消费品,2025-03-31,69.67,★   一般,一般，暂不研究,27.0,13.67,10.0,3.0,12.0,4.0,0,10.0,3.0,2.0,8.0,9.0,9.0,6.83,9.2,1,2,65.7,4.0,annual_financials,2022-2025,是,yfinance,2026-05-31,年度数据仅 4 年（建议 5 年）; 4年均使用近似ROIC,年报,9,inside,[财务数据] 年度数据仅 4 年（建议 5 年）; 4年均使用近似ROIC,,品牌溢价+全球分销网络+口味习惯锁定,守成稳健回购节奏稳定但进取不足,糖饮料需求长期下行，健康消费趋势不利
AAPL,苹果,科技,2025-03-31,66.83,★   一般,一般，暂不研究,27.0,17.33,5.0,8.0,5.0,4.5,0,10.0,9.0,7.0,9.0,9.0,8.0,8.67,8.3,3,3,74.6,-7.8,annual_financials,2021-2025,是,yfinance,2026-05-31,4年均ROE>100%; 4年均使用近似ROIC,年报,9,inside,ROE异常(163%)：可能因大量回购导致股东权益极低，分数虚高 | [财务数据] 4年均ROE>100%; 4年均使用近似ROIC,,iOS生态锁定+品牌溢价+用户黏性极强,库克资本配置极佳回购规模全球最大,iPhone需求触顶，中国市场受压
MA,万事达,金融科技,2026-05-31,65.5,★   一般,一般，暂不研究,29.0,18.0,15.0,0.0,4.0,4.5,-5,8.0,9.0,10.0,9.0,9.0,9.0,9.0,9.2,2,2,73.5,-8.0,annual_financials,2022-2025,是,yfinance,2026-05-31,年度数据仅 4 年（建议 5 年）; 4年均ROE>100%; 4年均使用近似ROIC,manual_pending,7,edge,ROE异常(178%)：可能因大量回购导致股东权益极低，分数虚高 | [财务数据] 年度数据仅 4 年（建议 5 年）; 4年均ROE>100%; 4年均使用近似ROIC,,全球支付网络、银行与商户双边网络效应强，转换成本高，轻资产商业模式优秀。,长期专注支付网络业务，盈利能力和股东回报稳定，资本配置较理性。,估值偏高，监管压力，数字钱包、实时支付和新型支付方式可能带来竞争。
MCD,麦当劳,餐饮,2025-03-31,64.17,★   一般,一般，暂不研究,18.0,12.67,12.0,10.0,12.0,4.5,-5,9.0,3.0,2.0,9.0,7.0,8.0,6.33,9.2,1,1,64.2,0.0,annual_financials,2022-2025,是,yfinance,2026-05-31,年度数据仅 4 年（建议 5 年）; 4年均debt_to_equity<0; 4年均使用近似ROIC,年报,8,inside,[财务数据] 年度数据仅 4 年（建议 5 年）; 4年均debt_to_equity<0; 4年均使用近似ROIC,特许经营模式导致高D/E，非传统恶性负债；但绝对债务规模大，利率上行风险需关注；建议结合interest_coverage和net_debt_to_EBITDA评估,特许经营模式护城河深品牌全球无处不在,管理层执行力强特许体系运营稳定,高杠杆经营，利率敏感，健康饮食趋势压力
PG,宝洁,消费品,2025-03-31,61.67,★   一般,一般，暂不研究,22.0,11.67,5.0,7.0,12.0,4.0,0,8.0,3.0,2.0,8.0,7.0,7.0,5.83,6.7,2,2,65.7,-4.0,annual_financials,2022-2025,是,yfinance,2026-05-31,年度数据仅 4 年（建议 5 年）; 4年均使用近似ROIC,年报,8,inside,[财务数据] 年度数据仅 4 年（建议 5 年）; 4年均使用近似ROIC,,品牌组合+渠道覆盖+研发壁垒,低调稳健65年分红连续增长记录,通胀挤压利润，日用品创新难度大
CRM,Salesforce,软件,2026-05-31,59.17,    暂时放弃,暂时放弃,14.0,13.67,12.0,10.0,6.0,3.5,0,7.0,8.0,5.0,8.0,6.0,7.0,6.83,10.0,2,2,65.2,-6.1,annual_financials,2023-2026,是,yfinance,2026-05-31,年度数据仅 4 年（建议 5 年）; 4年均使用近似ROIC,manual_pending,6,edge,[财务数据] 年度数据仅 4 年（建议 5 年）; 4年均使用近似ROIC,,企业客户数据和工作流迁移成本较高，生态和销售网络有一定优势。,增长能力强，但并购较多，利润率管理和资本配置需要持续观察。,企业软件竞争激烈，利润率压力，增长放缓和客户预算收缩风险。
BABA,阿里巴巴,电商/云计算,2025-03-31,57.17,    暂时放弃,超出能力圈,10.0,12.67,12.0,10.0,15.0,2.5,-5,7.0,5.0,8.0,8.0,5.0,5.0,6.33,10.0,1,2,54.9,2.2,annual_financials,2023-2026,是,yfinance,2026-05-31,年度数据仅 4 年（建议 5 年）; 4年均使用近似ROIC,公开财报(审计质量存疑),5,outside,数据可信度偏低(5/10)：请用更可靠的数据来源核实 | 超出能力圈(outside)：对该公司/行业理解不足，评分参考价值有限 | [财务数据] 年度数据仅 4 年（建议 5 年）; 4年均使用近似ROIC,,阿里云+电商平台网络效应明显,蔡崇信回归稳定预期但执行待观察,中国监管不确定性极高，拼多多竞争激烈
NFLX,奈飞,流媒体,2025-03-31,56.83,    暂时放弃,暂时放弃,22.0,11.33,15.0,7.0,3.0,3.5,-5,7.0,4.0,6.0,6.0,6.0,5.0,5.67,10.0,1,1,56.8,0.0,annual_financials,2022-2025,是,yfinance,2026-05-31,年度数据仅 4 年（建议 5 年）; 4年均使用近似ROIC,年报,7,inside,[财务数据] 年度数据仅 4 年（建议 5 年）; 4年均使用近似ROIC,,内容规模优势+用户习惯但壁垒非独占,哈斯廷斯退休后执行稳定广告策略奏效,内容成本持续攀升，竞争格局拥挤
JPM,摩根大通,银行,2026-05-31,56.0,    暂时放弃,超出能力圈,13.0,14.0,15.0,3.0,7.0,4.0,0,8.0,7.0,4.0,10.0,6.0,7.0,7.0,9.2,1,1,56.0,0.0,annual_financials,2022-2025,是,yfinance,2026-05-31,年度数据仅 4 年（建议 5 年）; 4年均使用近似ROIC,manual_pending,6,outside,超出能力圈(outside)：对该公司/行业理解不足，评分参考价值有限 | [财务数据] 年度数据仅 4 年（建议 5 年）; 4年均使用近似ROIC | 银行业不适合用普通企业 FCF Yield / 毛利率评价，应参考ROE、资本充足率、坏账率、净息差等银行指标。,,美国大型银行规模优势明显，客户基础、资产规模和风控能力强。,管理层经验丰富，风控和资本配置能力较强，但银行业务复杂度高。,银行业受利率周期、信用周期和监管影响大，普通投资者理解难度较高。
COST,Costco,零售/会员制商超,2026-05-31,54.5,    暂时放弃,暂时放弃,16.0,15.0,12.0,10.0,2.0,4.5,-5,9.0,8.0,3.0,9.0,7.0,9.0,7.5,9.2,1,1,54.5,0.0,annual_financials,2022-2025,是,yfinance,2026-05-31,年度数据仅 4 年（建议 5 年）; 4年均使用近似ROIC,manual_pending,7,edge,[财务数据] 年度数据仅 4 年（建议 5 年）; 4年均使用近似ROIC,,会员制带来用户粘性，低毛利高周转模式稳定，规模采购优势强。,管理层长期稳健，重视会员价值和运营效率，企业文化稳定。,估值经常偏贵，零售利润率低，消费放缓和成本上升会影响增长。
XOM,埃克森美孚,能源,2025-03-31,53.17,    暂时放弃,超出能力圈,16.0,8.67,0.0,10.0,15.0,3.5,0,5.0,3.0,1.0,7.0,5.0,5.0,4.33,0.0,1,1,53.2,0.0,annual_financials,2022-2025,是,yfinance,2026-05-31,年度数据仅 4 年（建议 5 年）; 4年均使用近似ROIC,年报,7,outside,超出能力圈(outside)：对该公司/行业理解不足，评分参考价值有限 | 财务趋势恶化，需要谨慎（ROE、ROIC、利润率、营收趋势下滑） | [财务数据] 年度数据仅 4 年（建议 5 年）; 4年均使用近似ROIC,,大规模低成本油气资产+炼化能力,资本配置趋于保守股东回报改善,能源转型长期压力，油价周期波动剧烈
AMZN,亚马逊,电商/云计算,2025-03-31,52.67,    暂时放弃,暂时放弃,12.0,14.67,9.0,10.0,3.0,4.0,0,8.0,6.0,7.0,10.0,5.0,8.0,7.33,7.5,2,2,54.9,-2.2,annual_financials,2022-2025,是,yfinance,2026-05-31,年度数据仅 4 年（建议 5 年）; 4年均使用近似ROIC,年报,8,inside,[财务数据] 年度数据仅 4 年（建议 5 年）; 4年均使用近似ROIC,,AWS云市场领导+物流网络壁垒极深,亚西·贾西执行稳健长期主义文化延续,AWS增速放缓，监管风险，净利率模型偏低
BRK-B,伯克希尔哈撒韦,综合控股/保险,2026-05-31,51.17,    暂时放弃,暂时放弃,7.0,13.67,9.0,10.0,7.0,4.5,0,8.0,6.0,3.0,9.0,7.0,8.0,6.83,7.5,1,1,51.2,0.0,annual_financials,2022-2025,是,yfinance,2026-05-31,年度数据仅 4 年（建议 5 年）; 4年均使用近似ROIC,manual_pending,7,edge,[财务数据] 年度数据仅 4 年（建议 5 年）; 4年均使用近似ROIC | 保险/综合控股公司财务口径特殊，普通ROIC、毛利率、FCF Yield参考价值有限。,,保险浮存金、优质子公司组合和长期资本配置能力形成复合型护城河。,历史资本配置极强，但未来接班和再投资效率需要持续观察。,接班风险，业务组合复杂，保险承保和投资收益受周期影响。
TSLA,特斯拉,汽车/科技,2025-03-31,40.33,    暂时放弃,暂时放弃,14.0,11.33,4.0,10.0,2.0,4.0,-5,8.0,5.0,4.0,5.0,7.0,5.0,5.67,2.5,1,1,40.3,0.0,annual_financials,2022-2025,是,yfinance,2026-05-31,年度数据仅 4 年（建议 5 年）; 4年均使用近似ROIC,年报,7,edge,财务趋势恶化，需要谨慎（ROE、ROIC、利润率趋势下滑） | [财务数据] 年度数据仅 4 年（建议 5 年）; 4年均使用近似ROIC,,充电网络+品牌+FSD软件但竞争加剧,马斯克精力分散政治风险上升,传统车企追赶+中国竞争，高估值不可持续
GME,游戏驿站,零售,2025-03-31,9.5,    暂时放弃,超出能力圈,5.0,3.0,2.0,7.0,1.0,1.5,-10,2.0,1.0,1.0,2.0,2.0,1.0,1.5,5.0,1,1,9.5,0.0,annual_financials,2023-2026,是,yfinance,2026-05-31,年度数据仅 4 年（建议 5 年）; 4年均使用近似ROIC,公开财报,4,outside,数据可信度偏低(4/10)：请用更可靠的数据来源核实 | 超出能力圈(outside)：对该公司/行业理解不足，评分参考价值有限 | 风险标记含'fraud/造假'：高风险，请极度谨慎 | [财务数据] 年度数据仅 4 年（建议 5 年）; 4年均使用近似ROIC,,曾经的零售护城河已瓦解数字化转型失败,柯恩战略模糊执行能力存疑,实体游戏零售衰退，财务数据存在疑点
